mat_size,time
16,0.00338412
32,0.000947176
64,0.000740214
128,0.00253456
256,0.0116102
512,0.0637085
1024,1.0821
2048,11.1209
4096,95.7546
